{
  "benchmarks": [
    {
      "name": "atomico",
      "bytesSent": 13819,
      "measurement": {
        "name": "callback",
        "mode": "callback"
      },
      "browser": {
        "name": "chrome",
        "headless": true,
        "windowSize": {
          "width": 1024,
          "height": 768
        },
        "userAgent": "Mozilla/5.0 (Windows NT 10.0; Win64; x64) AppleWebKit/537.36 (KHTML, like Gecko) HeadlessChrome/128.0.0.0 Safari/537.36"
      },
      "mean": {
        "low": 68.64532635051488,
        "high": 72.78267364949257
      },
      "differences": [
        null,
        {
          "absolute": {
            "low": 35.15337767476486,
            "high": 39.750622325331996
          },
          "percentChange": {
            "low": 103.66912273574029,
            "high": 121.52479224290661
          }
        },
        {
          "absolute": {
            "low": 13.146613364479663,
            "high": 18.26138663556503
          },
          "percentChange": {
            "low": 23.400966159733912,
            "high": 33.69410746334431
          }
        },
        {
          "absolute": {
            "low": -53.380911741110786,
            "high": -46.05908825877746
          },
          "percentChange": {
            "low": -43.54651338598427,
            "high": -39.021532182485856
          }
        }
      ],
      "samples": [
        66.1000000005588,
        68.79999999981374,
        65.79999999981374,
        67.1000000005588,
        72.5,
        64.29999999981374,
        65.5,
        68.79999999981374,
        70.40000000037253,
        69.09999999962747,
        68.5,
        90.6000000005588,
        100.69999999925494,
        76.70000000018626,
        78.5,
        71.40000000037253,
        76,
        91.29999999981374,
        68.29999999981374,
        71.29999999981374,
        68,
        67.70000000018626,
        68,
        81.29999999981374,
        74,
        63.799999999813735,
        63,
        68.09999999962747,
        73,
        71.29999999981374,
        73.29999999981374,
        66.6000000005588,
        61.799999999813735,
        66.70000000018626,
        70,
        69.6000000005588,
        66.70000000018626,
        69.3999999994412,
        67.29999999981374,
        67,
        74.6000000005588,
        70.6000000005588,
        67.69999999925494,
        67.59999999962747,
        66.20000000018626,
        75.40000000037253,
        69.20000000018626,
        63.39999999944121,
        65.6000000005588,
        67.09999999962747
      ]
    },
    {
      "name": "lit",
      "bytesSent": 18614,
      "measurement": {
        "name": "callback",
        "mode": "callback"
      },
      "browser": {
        "name": "chrome",
        "headless": true,
        "windowSize": {
          "width": 1024,
          "height": 768
        },
        "userAgent": "Mozilla/5.0 (Windows NT 10.0; Win64; x64) AppleWebKit/537.36 (KHTML, like Gecko) HeadlessChrome/128.0.0.0 Safari/537.36"
      },
      "mean": {
        "low": 32.25987529404165,
        "high": 34.26412470586894
      },
      "differences": [
        {
          "absolute": {
            "low": -39.750622325331996,
            "high": -35.15337767476486
          },
          "percentChange": {
            "low": -54.93793363726594,
            "high": -50.98734282862895
          }
        },
        null,
        {
          "absolute": {
            "low": -23.554950376147495,
            "high": -19.941049623904668
          },
          "percentChange": {
            "low": -41.99432592260276,
            "high": -37.074934212039835
          }
        },
        {
          "absolute": {
            "low": -90.35431331497662,
            "high": -83.98968668500848
          },
          "percentChange": {
            "low": -73.46421191675468,
            "high": -71.29889484716631
          }
        }
      ],
      "samples": [
        36.200000000186265,
        30.09999999962747,
        28.40000000037253,
        28.59999999962747,
        35.40000000037253,
        32.19999999925494,
        32.59999999962747,
        28.399999999441206,
        36,
        33.59999999962747,
        37.5,
        40.40000000037253,
        39.200000000186265,
        35.700000000186265,
        30.399999999441206,
        34.40000000037253,
        33.80000000074506,
        33.5,
        37.5,
        35.89999999944121,
        37.10000000055879,
        30.40000000037253,
        29,
        33,
        30.799999999813735,
        35.799999999813735,
        27.199999999254942,
        28.399999999441206,
        32,
        31.100000000558794,
        36.5,
        33,
        32.19999999925494,
        29.59999999962747,
        31.59999999962747,
        35.30000000074506,
        31.5,
        42.299999999813735,
        39.5,
        28.199999999254942,
        30.300000000745058,
        38.299999999813735,
        31.40000000037253,
        36.09999999962747,
        32.10000000055879,
        34.40000000037253,
        31.399999999441206,
        31.59999999962747,
        30.799999999813735,
        32.40000000037253
      ]
    },
    {
      "name": "preact",
      "bytesSent": 20868,
      "measurement": {
        "name": "callback",
        "mode": "callback"
      },
      "browser": {
        "name": "chrome",
        "headless": true,
        "windowSize": {
          "width": 1024,
          "height": 768
        },
        "userAgent": "Mozilla/5.0 (Windows NT 10.0; Win64; x64) AppleWebKit/537.36 (KHTML, like Gecko) HeadlessChrome/128.0.0.0 Safari/537.36"
      },
      "mean": {
        "low": 53.506399077009185,
        "high": 56.513600922953565
      },
      "differences": [
        {
          "absolute": {
            "low": -18.26138663556503,
            "high": -13.146613364479663
          },
          "percentChange": {
            "low": -25.32228145153759,
            "high": -19.093251540575768
          }
        },
        {
          "absolute": {
            "low": 19.941049623904668,
            "high": 23.554950376147495
          },
          "percentChange": {
            "low": 58.65620046995471,
            "high": 72.11164271479252
          }
        },
        null,
        {
          "absolute": {
            "low": -68.79797093109276,
            "high": -62.050029068840175
          },
          "percentChange": {
            "low": -56.01792367717029,
            "high": -52.629136123209676
          }
        }
      ],
      "samples": [
        63.799999999813735,
        57.700000000186265,
        52.39999999944121,
        45.59999999962747,
        52.39999999944121,
        56,
        53.200000000186265,
        54.89999999944121,
        52.10000000055879,
        55.19999999925494,
        60.09999999962747,
        67.20000000018626,
        60.90000000037253,
        63.5,
        65,
        52.59999999962747,
        64.29999999981374,
        54,
        54.40000000037253,
        58.700000000186265,
        54,
        55.700000000186265,
        47.40000000037253,
        51.10000000055879,
        51.90000000037253,
        56.40000000037253,
        53.90000000037253,
        49.90000000037253,
        51.60000000055879,
        49,
        52.30000000074506,
        54.5,
        63.5,
        55.40000000037253,
        48.799999999813735,
        51.700000000186265,
        49.40000000037253,
        67.09999999962747,
        51.59999999962747,
        60.69999999925494,
        53.5,
        50.59999999962747,
        59.299999999813735,
        48,
        49.19999999925494,
        50.90000000037253,
        58.799999999813735,
        54.39999999944121,
        55,
        50.89999999944121
      ]
    },
    {
      "name": "react",
      "bytesSent": 174515,
      "measurement": {
        "name": "callback",
        "mode": "callback"
      },
      "browser": {
        "name": "chrome",
        "headless": true,