{
  "benchmarks": [
    {
      "name": "atomico",
      "bytesSent": 13819,
      "measurement": {
        "name": "callback",
        "mode": "callback"
      },
      "browser": {
        "name": "chrome",
        "headless": true,
        "windowSize": {
          "width": 1024,
          "height": 768
        },
        "userAgent": "Mozilla/5.0 (Windows NT 10.0; Win64; x64) AppleWebKit/537.36 (KHTML, like Gecko) HeadlessChrome/128.0.0.0 Safari/537.36"
      },
      "mean": {
        "low": 57.794198772502455,
        "high": 60.2418012274845
      },
      "differences": [
        null,
        {
          "absolute": {
            "low": 30.996723703372197,
            "high": 33.627276296612905
          },
          "percentChange": {
            "low": 114.91671388437767,
            "high": 127.0663610799856
          }
        },
        {
          "absolute": {
            "low": 12.363955212070714,
            "high": 15.33204478786967
          },
          "percentChange": {
            "low": 27.01929720139937,
            "high": 34.295734899389
          }
        },
        {
          "absolute": {
            "low": -161.86564033996598,
            "high": -154.83435966003407
          },
          "percentChange": {
            "low": -73.54626978384027,
            "high": -72.15134900089782
          }
        }
      ],
      "samples": [
        60.800000000046566,
        66.9000000001397,
        57.199999999953434,
        57.10000000009313,
        56.5999999998603,
        54.9000000001397,
        72.39999999990687,
        57.5999999998603,
        58.39999999990687,
        56.699999999953434,
        53.89999999990687,
        68.39999999990687,
        60.4000000001397,
        54,
        56,
        57.60000000009313,
        58.300000000046566,
        59.199999999953434,
        62,
        63.5,
        54.0999999998603,
        55.800000000046566,
        65.39999999990687,
        56.39999999990687,
        58,
        54.800000000046566,
        56.699999999953434,
        62.60000000009313,
        57.5,
        59.0999999998603,
        55.60000000009313,
        53.39999999990687,
        56.5,
        67.19999999995343,
        64,
        57.39999999990687,
        55,
        59.10000000009313,
        63.60000000009313,
        66.39999999990687,
        53.4000000001397,
        57.4000000001397,
        55.39999999990687,
        62.799999999813735,
        59,
        57.200000000186265,
        57.800000000046566,
        55.5,
        61.800000000046566,
        60.0999999998603
      ]
    },
    {
      "name": "lit",
      "bytesSent": 18614,
      "measurement": {
        "name": "callback",
        "mode": "callback"
      },
      "browser": {
        "name": "chrome",
        "headless": true,
        "windowSize": {
          "width": 1024,
          "height": 768
        },
        "userAgent": "Mozilla/5.0 (Windows NT 10.0; Win64; x64) AppleWebKit/537.36 (KHTML, like Gecko) HeadlessChrome/128.0.0.0 Safari/537.36"
      },
      "mean": {
        "low": 26.22406401665582,
        "high": 27.18793598334604
      },
      "differences": [
        {
          "absolute": {
            "low": -33.627276296612905,
            "high": -30.996723703372197
          },
          "percentChange": {
            "low": -55.993289657492916,
            "high": -53.50550731968734
          }
        },
        null,
        {
          "absolute": {
            "low": -19.431967861124104,
            "high": -17.496032138920608
          },
          "percentChange": {
            "low": -42.40824741123834,
            "high": -39.345128723421105
          }
        },
        {
          "absolute": {
            "low": -193.99281068924378,
            "high": -187.33118931074134
          },
          "percentChange": {
            "low": -88.00350643379143,
            "high": -87.42433943128371
          }
        }
      ],
      "samples": [
        26.300000000046566,
        27.800000000046566,
        28.0999999998603,
        26.600000000093132,
        25.5,
        27,
        26.100000000093132,
        27.800000000046566,
        26,
        26.100000000093132,
        27.200000000186265,
        28.5,
        25.100000000093132,
        27.300000000046566,
        25.200000000186265,
        25.199999999953434,
        24,
        25.5999999998603,
        26,
        31.199999999953434,
        25.200000000186265,
        25.699999999953434,
        25.5,
        26,
        25.100000000093132,
        24.5,
        25.399999999906868,
        25.300000000046566,
        25.800000000046566,
        25.800000000046566,
        27.600000000093132,
        26.299999999813735,
        28,
        28.199999999953434,
        29.700000000186265,
        31.699999999953434,
        27.0999999998603,
        27.799999999813735,
        27,
        26.9000000001397,
        29.5,
        25,
        26.399999999906868,
        28.899999999906868,
        25.899999999906868,
        28.899999999906868,
        28.5,
        24.399999999906868,
        26.199999999953434,
        24.399999999906868
      ]
    },
    {
      "name": "preact",
      "bytesSent": 25463,
      "measurement": {
        "name": "callback",
        "mode": "callback"
      },
      "browser": {
        "name": "chrome",
        "headless": true,
        "windowSize": {
          "width": 1024,
          "height": 768
        },
        "userAgent": "Mozilla/5.0 (Windows NT 10.0; Win64; x64) AppleWebKit/537.36 (KHTML, like Gecko) HeadlessChrome/128.0.0.0 Safari/537.36"
      },
      "mean": {
        "low": 44.33053619015232,
        "high": 46.00946380989425
      },
      "differences": [
        {
          "absolute": {
            "low": -15.33204478786967,
            "high": -12.363955212070714
          },
          "percentChange": {
            "low": -25.595207396901188,
            "high": -21.332848450371582
          }
        },
        {
          "absolute": {
            "low": 17.496032138920608,
            "high": 19.431967861124104
          },
          "percentChange": {
            "low": 64.75658694457633,
            "high": 73.51945589240198
          }
        },
        null,
        {
          "absolute": {
            "low": -175.59899059738007,
            "high": -168.79700940256032
          },
          "percentChange": {
            "low": -79.71798873659085,
            "high": -78.72115593969576
          }
        }
      ],
      "samples": [
        44.200000000186265,
        42.60000000009313,
        46.9000000001397,
        47.60000000009313,
        48.0999999998603,
        41.89999999990687,
        42.60000000009313,
        42.5,
        48.4000000001397,
        47,
        44.9000000001397,
        41.799999999813735,
        43.199999999953434,
        46.39999999990687,
        47.0999999998603,
        41.300000000046566,
        46.199999999953434,
        49.300000000046566,
        44,
        43.300000000046566,
        43.60000000009313,
        42,
        43.300000000046566,
        46.300000000046566,
        43.700000000186265,
        48,
        48.699999999953434,
        42.800000000046566,
        43.300000000046566,
        43.300000000046566,
        41.5,
        44.9000000001397,
        42.300000000046566,
        44.699999999953434,
        46.800000000046566,
        49,
        50.39999999990687,
        43.39999999990687,
        56.4000000001397,
        46.39999999990687,
        49.10000000009313,
        45.89999999990687,
        47.4000000001397,
        41.9000000001397,
        44.199999999953434,
        45.9000000001397,
        46.199999999953434,
        42.10000000009313,
        43.699999999953434,
        42
      ]
    },
    {
      "name": "react",
      "bytesSent": 1023560,
      "measurement": {
        "name": "callback",
        "mode": "callback"
      },
      "browser": {
        "name": "chrome",