{
  "benchmarks": [
    {
      "name": "atomico",
      "bytesSent": 10899,
      "measurement": {
        "name": "callback",
        "mode": "callback"
      },
      "browser": {
        "name": "chrome",
        "headless": true,
        "windowSize": {
          "width": 1024,
          "height": 768
        },
        "userAgent": "Mozilla/5.0 (Windows NT 10.0; Win64; x64) AppleWebKit/537.36 (KHTML, like Gecko) HeadlessChrome/104.0.5112.79 Safari/537.36"
      },
      "mean": {
        "low": 7.9927944607895185,
        "high": 8.372205539201168
      },
      "differences": [
        null,
        {
          "absolute": {
            "low": 0.04903755684253608,
            "high": 0.6009624431303002
          },
          "percentChange": {
            "low": 0.5467345456305311,
            "high": 7.725616710775425
          }
        },
        {
          "absolute": {
            "low": -1.1119097368474422,
            "high": -0.6314235964874427
          },
          "percentChange": {
            "low": -12.187466035076085,
            "high": -7.06702084944079
          }
        },
        {
          "absolute": {
            "low": -63.1379225974713,
            "high": -62.28207740251629
          },
          "percentChange": {
            "low": -88.73266302233763,
            "high": -88.18308970186705
          }
        }
      ],
      "samples": [
        8.099999999860302,
        7.800000000046566,
        7.899999999906868,
        12.300000000046566,
        8.099999999860302,
        7.899999999906868,
        7.899999999906868,
        8.199999999953434,
        8.100000000093132,
        7.699999999953434,
        8.100000000093132,
        8.199999999953434,
        8.100000000093132,
        8,
        8.099999999860302,
        12.399999999906868,
        8.199999999953434,
        7.900000000139698,
        8,
        7.800000000046566,
        7.899999999906868,
        7.599999999860302,
        8.199999999953434,
        8,
        12.199999999953434,
        8.199999999953434,
        7.899999999906868,
        12,
        7.899999999906868,
        8.400000000139698,
        8,
        8.200000000186265,
        7.899999999906868,
        8.200000000186265,
        7.900000000139698,
        7.899999999906868,
        12.099999999860302,
        7.900000000139698,
        8.099999999860302,
        12.300000000046566,
        7.899999999906868,
        7.7999999998137355,
        8.300000000046566,
        8,
        7.699999999953434,
        7.699999999953434,
        8.100000000093132,
        7.699999999953434,
        12.400000000139698,
        8.100000000093132,
        8.200000000186265,
        7.7000000001862645,
        7.899999999906868,
        7.899999999906868,
        7.599999999860302,
        7.800000000046566,
        7.800000000046566,
        7.7999999998137355,
        8,
        7.7000000001862645,
        8.400000000139698,
        7.699999999953434,
        8.099999999860302,
        7.7999999998137355,
        7.800000000046566,
        7.899999999906868,
        7.800000000046566,
        8.099999999860302,
        7.7999999998137355,
        7.599999999860302,
        7.600000000093132,
        7.699999999953434,
        7.7000000001862645,
        8,
        8.300000000046566,
        7.699999999953434,
        7.900000000139698,
        7.699999999953434,
        8,
        7.699999999953434,
        7.7000000001862645,
        7.599999999860302,
        7.800000000046566,
        7.800000000046566,
        7.800000000046566,
        7.900000000139698,
        8.100000000093132,
        7.899999999906868,
        7.800000000046566,
        8.099999999860302,
        7.800000000046566,
        7.699999999953434,
        7.900000000139698,
        7.800000000046566,
        7.800000000046566,
        7.5,
        7.800000000046566,
        7.600000000093132,
        7.699999999953434,
        8.900000000139698,
        7.800000000046566,
        9.400000000139698,
        7.699999999953434,
        7.699999999953434,
        7.699999999953434,
        8.100000000093132,
        7.699999999953434,
        7.899999999906868,
        7.599999999860302,
        7.900000000139698,
        7.800000000046566,
        7.899999999906868,
        8.199999999953434,
        7.899999999906868,
        8.899999999906868,
        8.199999999953434,
        7.699999999953434,
        8,
        7.699999999953434,
        8.100000000093132
      ]
    },
    {
      "name": "lit",
      "bytesSent": 19795,
      "measurement": {
        "name": "callback",
        "mode": "callback"
      },
      "browser": {
        "name": "chrome",
        "headless": true,
        "windowSize": {
          "width": 1024,
          "height": 768
        },
        "userAgent": "Mozilla/5.0 (Windows NT 10.0; Win64; x64) AppleWebKit/537.36 (KHTML, like Gecko) HeadlessChrome/104.0.5112.79 Safari/537.36"
      },
      "mean": {
        "low": 7.657082739223913,
        "high": 8.057917260793937
      },
      "differences": [
        {
          "absolute": {
            "low": -0.6009624431303002,
            "high": -0.04903755684253608
          },
          "percentChange": {
            "low": -7.281857596004052,
            "high": -0.6619248662410586
          }
        },
        null,
        {
          "absolute": {
            "low": -1.4454549694028187,
            "high": -0.9478783639049024
          },
          "percentChange": {
            "low": -15.842764925312162,
            "high": -10.590737145286058
          }
        },
        {
          "absolute": {
            "low": -63.46777781392992,
            "high": -62.60222218603051
          },
          "percentChange": {
            "low": -89.20531351019372,
            "high": -88.62732040732892
          }
        }
      ],